<?xml version="1.0" encoding="utf-8"?>

<!--
@name     Enhanced Specials|Journal3
@author   Andrii Burkatskyi, ocmod.space@gmail.com
@version  2.0.0
@link     https://www.ocmod.space/enhanced-specials
@link     https://github.com/ocmod-space/ocmod-enhanced-specials
@licence  https://raw.githubusercontent.com/ocmod-space/ocmod-enhanced-specials/main/EULA.txt
-->

<modification>
	<name>#ocmod.space: enhanced-specials|journal3</name>
	<code>enhanced-specials--journal3</code>
	<version>2.0.0</version>
	<author>Andrii Burkatskyi</author>
	<link>https://www.opencart.com/index.php?route=marketplace/extension&amp;filter_member=ocmod.space</link>

	<file path="admin/controller/extension/module/enhanced_specials.php" error="log">
		<operation error="log">
			<search info="">
				<![CDATA[$event = $this->mname . '_catalog';]]>
			</search>
			<add position="after">
			<![CDATA[
		/// << enhanced-specials|journal3
		$names = [
			'journal3/product/getProduct',
			'journal3/product/getRelatedProducts',
			'journal3/product/getRelatedProductsByCategory',
			'journal3/product/getRelatedProductsByManufacturer',
			'journal3/product/getAlsoBoughtProducts',
			'journal3/product/getRecentlyViewedProducts',
			'journal3/product/getMostViewedProducts',
			'journal3/product/getProductsSold',
			'journal3/filter/getProducts',
		];

		foreach ($names as $name) {
			$trigger = 'catalog/model/journal3/product/' . $name . '/after';
			$action = $this->mroute . '/afterModelCatalogProduct';

			$this->{$event_model}->addEvent($event, $trigger, $action);
		}


		$trigger = 'catalog/model/journal3/filter/getProducts/after';
		$action = $this->mroute . '/afterModelCatalogProduct';
		$this->{$event_model}->addEvent($event, $trigger, $action);
		/// >> enhanced-specials|journal3]]>
			</add>
		</operation>
	</file>

	<file path="catalog/controller/extension/module/enhanced_specials.php" error="log">
		<operation error="log">
			<search info="">
				<![CDATA[|| $route == 'catalog/product/getProductRelated']]>
			</search>
			<add position="after">
			<![CDATA[
				|| $route == 'journal3/product/getProduct'
				|| $route == 'journal3/product/getRelatedProducts'
				|| $route == 'journal3/product/getRelatedProductsByCategory'
				|| $route == 'journal3/product/getRelatedProductsByManufacturer'
				|| $route == 'journal3/product/getAlsoBoughtProducts'
				|| $route == 'journal3/product/getRecentlyViewedProducts'
				|| $route == 'journal3/product/getMostViewedProducts'
				|| $route == 'journal3/product/getProductsSold'
				|| $route == 'journal3/filter/getProducts']]>
			</add>
		</operation>
	</file>

	<file path="catalog/model/journal3/filter.php" error="log">
		<operation error="log">
			<search info="support fix">
				<![CDATA["manufacturer` m]]>
			</search>
			<add position="replace">
			<![CDATA["manufacturer` pm]]>
			</add>
		</operation>

		<operation error="log">
			<search info="support fix">
				<![CDATA[m.]]>
			</search>
			<add position="replace">
			<![CDATA[pm.]]>
			</add>
		</operation>

		<operation error="log">
			<search info="">
				<![CDATA[$sql = "";]]>
			</search>
			<add position="after">
			<![CDATA[
		/// << enhanced-specials|journal3
		if ($this->config->get('module_enhanced_specials_status')
			&& in_array($this->config->get('config_store_id'), $this->config->get('module_enhanced_specials')['stores'])
			&& (Arr::get($filter_data, 'special'))
		) {
			$this->load->model('extension/module/enhanced_specials');
			$sql .= $this->model_extension_module_enhanced_specials->sqlEnhancedSpecialsLeftJoin();
		}
		/// >> enhanced-specials|journal3]]>
			</add>
		</operation>

		<operation error="log">
			<search info="">
				<![CDATA[if ($query !== 'manufacturer') {]]>
			</search>
			<add position="before">
			<![CDATA[
		/// >> enhanced-specials|journal3
		if ($this->config->get('module_enhanced_specials_status')
			&& in_array($this->config->get('config_store_id'), $this->config->get('module_enhanced_specials')['stores'])
			&& (Arr::get($filter_data, 'special'))
		) {
			$sql .= $this->model_extension_module_enhanced_specials->sqlEnhancedSpecialsWhereCondition();

			$filter_data = array_merge($this->parseFilterData(), ['special' => false]);
			// $this->setFilterData($filter_data);
		}
		/// >> enhanced-specials|journal3]]>
			</add>
		</operation>
	</file>
</modification>
