<?xml version="1.0" encoding="utf-8"?>

<!--
@name     Enhanced Specials|Journal3
@author   Andrii Burkatskyi, ocmod.space@gmail.com
@version  1.2.0
@link     https://www.ocmod.space/enhanced-specials
@link     https://github.com/ocmod-space/ocmod-enhanced-specials
@licence  https://raw.githubusercontent.com/ocmod-space/ocmod-enhanced-specials/main/EULA.txt
-->

<modification>
	<name>#ocmod.space: enhanced-specials|journal3</name>
	<code>enhanced-specials--journal3</code>
	<version>1.2.0</version>
	<author>Andrii Burkatskyi</author>
	<link>https://www.opencart.com/index.php?route=marketplace/extension&amp;filter_member=ocmod.space</link>

	<file path="admin/controller/extension/module/enhanced_specials.php" error="log">
		<operation error="log">
			<search info="">
				<![CDATA[$event = $this->mname . '_catalog';]]>
			</search>
			<add position="after">
			<![CDATA[
		/// << enhanced-specials|journal3
		$names = [
			'journal3/product/getProduct',
			'journal3/product/getRelatedProducts',
			'journal3/product/getRelatedProductsByCategory',
			'journal3/product/getRelatedProductsByManufacturer',
			'journal3/product/getAlsoBoughtProducts',
			'journal3/product/getRecentlyViewedProducts',
			'journal3/product/getMostViewedProducts',
			'journal3/product/getProductsSold',
			'journal3/filter/getProducts',
		];

		foreach ($names as $name) {
			$trigger = 'catalog/model/journal3/product/' . $name . '/after';
			$action = $this->mroute . '/afterModelCatalogProduct';

			$this->{$event_model}->addEvent($event, $trigger, $action);
		}

		//$trigger = 'catalog/model/journal3/product/*/after';
		//$action = $this->mroute . '/afterModelCatalogProduct';
		//$this->{$event_model}->addEvent($event, $trigger, $action);

		//$trigger = 'catalog/model/journal3/filter/*/after';
		$trigger = 'catalog/model/journal3/filter/getProducts/after';
		$action = $this->mroute . '/afterModelCatalogProduct';
		$this->{$event_model}->addEvent($event, $trigger, $action);
		/// >> enhanced-specials|journal3]]>
			</add>
		</operation>
	</file>

	<file path="catalog/controller/extension/module/enhanced_specials.php" error="log">
		<operation error="log">
			<search info="">
				<![CDATA[if (   $route == 'catalog/product/getProducts']]>
			</search>
			<add position="before">
			<![CDATA[
			/// << enhanced-specials|journal3
			if ($route == 'journal3/filter/getProducts' && !empty($args[0]['special'])) {
				$args[0]['special'] = 0;

				$this->load->model('journal3/filter');
				$output = $this->model_journal3_filter->getProducts($args[0]);

				foreach ($output as &$product) {
					$this->updateSpecial($product);

					if (empty($product['special'])) unset($output[$product['product_id']]);

					unset($product);
				}

				$args[0]['special'] = 1;

				return;
			}
			/// >> enhanced-specials|journal3]]>
			</add>
		</operation>

		<operation error="log">
			<search info="">
				<![CDATA[|| $route == 'catalog/product/getProductRelated']]>
			</search>
			<add position="after">
			<![CDATA[
				|| $route == 'journal3/product/getProduct'
				|| $route == 'journal3/product/getRelatedProducts'
				|| $route == 'journal3/product/getRelatedProductsByCategory'
				|| $route == 'journal3/product/getRelatedProductsByManufacturer'
				|| $route == 'journal3/product/getAlsoBoughtProducts'
				|| $route == 'journal3/product/getRecentlyViewedProducts'
				|| $route == 'journal3/product/getMostViewedProducts'
				|| $route == 'journal3/product/getProductsSold'
				|| $route == 'journal3/filter/getProducts']]>
			</add>
		</operation>
	</file>

	<file path="catalog/controller/product/special.php" error="log">
		<operation error="log">
			<search info="">
				<![CDATA[$filter_data['special'] = true;]]>
			</search>
			<add position="replace">
			<![CDATA[$filter_data['special'] = false;  /// enhanced-specials|journal3]]>
			</add>
		</operation>

		<operation error="log">
			<search info="">
				<![CDATA[\Journal3\Utils\Profiler::end('journal3/filter/total_products');]]>
			</search>
			<add position="after">
			<![CDATA[
				/// << enhanced-specials|journal3
				$filter_data['special'] = true;
				$this->model_journal3_filter->setFilterData($filter_data);
				/// >> enhanced-specials|journal3]]>
			</add>
		</operation>
	</file>
</modification>
