<?xml version="1.0" encoding="utf-8"?>

<!--
@name     Enhanced Specials|Journal
@author   Andrii Burkatskyi, ocmod.space@gmail.com
@version  1.1.1
@link     https://www.opencart.com/index.php?route=marketplace/extension/info&extension_id=43136
@link     https://github.com/ocmod-space/ocmod-enhanced-specials
@licence  https://raw.githubusercontent.com/ocmod-space/ocmod-enhanced-specials/main/EULA.txt
-->

<modification>
	<name>#ocmod.space: enhanced-specials|journal</name>
	<code>enhanced-specials--journal</code>
	<version>1.1.1</version>
	<author>Andrii Burkatskyi</author>
	<link>https://www.opencart.com/index.php?route=marketplace/extension&amp;filter_member=ocmod.space</link>

	<file path="admin/controller/extension/module/enhanced_specials.php" error="log">
		<operation error="log">
		<search info="">
			<![CDATA[$event = $this->mname . '_catalog';]]>
		</search>
		<add position="after">
			<![CDATA[
		$trigger = 'catalog/model/journal3/product/*/after';
		$action = $this->route . '/afterModelCatalogProduct';
		$this->{$event_model}->addEvent($event, $trigger, $action);

		$trigger = 'catalog/model/journal3/filter/*/after';
		$action = $this->route . '/afterModelCatalogProduct';
		$this->{$event_model}->addEvent($event, $trigger, $action);

		// $trigger = 'catalog/model/journal3/checkout/products/after';
		// $action = $this->route . '/afterModelCatalogProduct';
		// $this->{$event_model}->addEvent($event, $trigger, $action);
		]]>
		</add>
		</operation>
	</file>

	<file path="catalog/controller/extension/module/enhanced_specials.php" error="log">
		<operation error="log">
		<search info="">
			<![CDATA[|| $route == 'catalog/product/getProductRelated']]>
		</search>
		<add position="after">
			<![CDATA[
				|| $route == 'journal3/product/getProduct'
				|| $route == 'journal3/product/getRelatedProducts'
				|| $route == 'journal3/product/getRelatedProductsByCategory'
				|| $route == 'journal3/product/getRelatedProductsByManufacturer'
				|| $route == 'journal3/product/getAlsoBoughtProducts'
				|| $route == 'journal3/product/getRecentlyViewedProducts'
				|| $route == 'journal3/product/getMostViewedProducts'
				|| $route == 'journal3/product/getProductsSold'

				|| $route == 'journal3/filter/getProducts']]>
		</add>
		</operation>
	</file>

</modification>
