<?xml version="1.0" encoding="utf-8"?>

<!--
@name     Enhanced Specials
@author   Andrii Burkatskyi, ocmod.space@gmail.com
@version  1.1.1(1.4.2)
@link     https://www.opencart.com/index.php?route=marketplace/extension/info&extension_id=43136
@license  https://github.com/ocmod-space/ocmod-enhanced-specials/blob/main/EULA.txt
-->

<modification>
	<name>#ocmod.space | Enhanced Specials &lt; Enhanced Options</name>
	<code>enhanced-specials--enhanced-options</code>
	<version>1.1.1(1.4.2)</version>
	<author>Andrii Burkatskyi</author>
	<link>https://www.opencart.com/index.php?route=marketplace/extension&amp;filter_member=ocmod.space</link>

	<file path="system/library/cart/cart.php" error="log">
		<operation error="log">
			<search>
				<![CDATA[$price = $special;]]>
			</search>
			<add position="after">
				<![CDATA[								/// << Enhanced Specials < Enhanced Options
								if (!empty($this->flexible_options)){
									$co = ((float)$product_query->row['price'] > 0) ? $special / (float)$product_query->row['price'] : 1;
								}
							} else {
								unset($special);
								/// >> Enhanced Specials < Enhanced Options]]>
			</add>
		</operation>
	</file>

	<file path="admin/controller/extension/module/enhanced_specials.php" error="log">
		<operation error="log">
			<search>
				<![CDATA[$event = $this->mname . '_catalog';]]>
			</search>
			<add position="after">
				<![CDATA[
			/// << Enhanced Specials < Enhanced Options
			$trigger = 'catalog/model/extension/module/enhanced_options/getProduct/after';
			$action = $this->route . '/afterModelCatalogProduct';
			$this->{$event_class}->addEvent($event, $trigger, $action);
			/// >> Enhanced Specials < Enhanced Options]]>
			</add>
		</operation>
	</file>

	<file path="catalog/controller/extension/module/enhanced_specials.php" error="log">
		<operation error="log">
			<search>
				<![CDATA[$route == 'catalog/product/getProduct']]>
			</search>
			<add position="replace">
				<![CDATA[($route == 'catalog/product/getProduct' || $route == 'extension/module/enhanced_options/getProduct')]]>
			</add>
		</operation>
	</file>
</modification>
