<?xml version="1.0" encoding="utf-8"?>

<!--
@name     Enhanced Specials|Enhanced Options
@author   Andrii Burkatskyi, ocmod.space@gmail.com
@version  1.1.3
@link     https://www.ocmod.space/enhanced-specials
@link     https://github.com/ocmod-space/ocmod-enhanced-specials
@licence  https://raw.githubusercontent.com/ocmod-space/ocmod-enhanced-specials/main/EULA.txt
-->

<modification>
	<name>#ocmod.space: enhanced-specials|enhanced-options</name>
	<code>enhanced-specials--enhanced-options</code>
	<version>1.1.3</version>
	<author>Andrii Burkatskyi</author>
	<link>https://www.opencart.com/index.php?route=marketplace/extension&amp;filter_member=ocmod.space</link>

	<file path="system/library/cart/cart.php" error="log">
		<operation error="log">
			<search>
				<![CDATA[$price = $special;]]>
			</search>
			<add position="after">
				<![CDATA[								/// << enhanced-specials|enhanced-options
								if (!empty($this->flex)){
									$co = ((float)$product_query->row['price'] > 0) ? $special / (float)$product_query->row['price'] : 1;
								}
							} else {
								unset($special);
								/// >> enhanced-specials|enhanced-options]]>
			</add>
		</operation>
	</file>

	<file path="admin/controller/extension/module/enhanced_specials.php" error="log">
		<operation error="log">
			<search>
				<![CDATA[$event = $this->mname . '_catalog';]]>
			</search>
			<add position="after">
				<![CDATA[
			/// << enhanced-specials|enhanced-options
			$trigger = 'catalog/model/extension/module/enhanced_options/getProduct/after';
			$action = $this->mroute . '/afterModelCatalogProduct';
			$this->{$event_model}->addEvent($event, $trigger, $action);
			/// >> enhanced-specials|enhanced-options]]>
			</add>
		</operation>
	</file>

	<file path="catalog/controller/extension/module/enhanced_specials.php" error="log">
		<operation error="log">
			<search>
				<![CDATA[$route == 'catalog/product/getProduct']]>
			</search>
			<add position="replace">
				<![CDATA[($route == 'catalog/product/getProduct' || $route == 'extension/module/enhanced_options/getProduct')]]>
			</add>
		</operation>
	</file>
</modification>
