<?xml version="1.0" encoding="utf-8"?>

<!--
@name     OpenCart
@package  Enhanced Specials|Enhanced Options
@author   Andrii Burkatskyi, ocmod.space@gmail.com
@version  2.0.2
@link     https://www.ocmod.space/enhanced-specials
@link     https://www.opencart.com/index.php?route=marketplace/extension/info&extension_id=43136
@link     https://github.com/ocmod-space/ocmod-enhanced-specials
@licence  https://raw.githubusercontent.com/ocmod-space/ocmod-enhanced-specials/main/EULA.txt
-->

<modification>
    <name>/ocmod.space/enhanced_specials/enhanced_options</name>
    <code>enhanced-specials--enhanced-options</code>
    <version>2.0.2</version>
    <author>Andrii Burkatskyi</author>
    <link>https://www.opencart.com/index.php?route=marketplace/extension&amp;filter_member=ocmod.space</link>

	<file path="system/library/cart/cart.php" error="log">
		<operation error="log">
			<search>
				<![CDATA[if ($flex && $is_flex) {]]>
			</search>
			<add position="after">
				<![CDATA[
						/// <<< /ocmod.space/enhanced_specials/enhanced_options
						if (
							$this->config->get('module_enhanced_specials_status')
							&& in_array($this->config->get('config_store_id'), $this->config->get('module_enhanced_specials')['stores'])
						) {
							$especial = $this->getEnhancedSpecial($product_id);

							if ($especial) $prices['special'] = (float)$especial;
						}
						/// >>> /ocmod.space/enhanced_specials/enhanced_options]]>
			</add>
		</operation>
	</file>

</modification>
